keyword;position;volume;url;traffic;kd;intents
circuit breaker upgrades highland park;3;260;https://911electrics.com/electrician-highland-park-los-angeles/;16;0.00;0
electrical panel upgrade montrose;4;90;https://911electrics.com/electrician-montrose-ca/;2;0.00;0
24/7 electrician pasadena;5;50;https://911electrics.com/emergency-electrician-pasadena-ca/;1;11.00;0
commercial electrician altadena;6;40;https://911electrics.com/electrician-altadena-ca/;0;4.00;0
temporary power glendale ca;6;260;https://911electrics.com/temporary-power-pole-installation-los-angeles/;5;8.00;1
emergency electrician los angeles;7;210;https://911electrics.com/emergency-electrician-los-angeles-ca/;3;0.00;0
how to add sub panel;7;50;https://911electrics.com/subpanel-installation-los-angeles/;0;5.00;1
ev charger installation van nuys;7;50;https://911electrics.com/electrician-van-nuys-ca/;0;6.00;0
commercial electrician services altadena;7;40;https://911electrics.com/electrician-altadena-ca/;0;7.00;0
ev charger installation woodland hills;7;50;https://911electrics.com/ev-charger-installation-woodland-hills-ca/;0;0.00;0
licensed electrician altadena;9;50;https://911electrics.com/electrician-altadena-ca/;0;1.00;0
north hills electrician;12;30;https://911electrics.com/electrician-north-hills-ca/;0;0.00;0
temporary power poles north hollywood;12;320;https://911electrics.com/temporary-power-pole-installation-los-angeles/;1;16.00;0
temporary power poles los angeles;15;390;https://911electrics.com/temporary-power-pole-installation-los-angeles/;0;10.00;1
meter box replacement cost;15;90;https://911electrics.com/electric-meter-box-replacement-los-angeles/;0;9.00;0,1
commercial electrician woodland hills;16;40;https://911electrics.com/electrician-woodland-hills-ca/;0;6.00;0
reseda electrician;16;30;https://911electrics.com/electrician-reseda-ca/;0;16.00;0
electrical contractor west hills;17;40;https://911electrics.com/electrician-west-hills-ca/;0;0.0;0,1
electrician chatsworth;17;50;https://911electrics.com/electrician-chatsworth-ca/;0;18.00;0
los angeles 24 hour electrician;18;70;https://911electrics.com/emergency-electrician-los-angeles-ca/;0;0.00;0
electrician north hollywood ca;18;30;https://911electrics.com/electrician-north-hollywood-ca/;0;9.00;0
temporary power poles orange county;18;390;https://911electrics.com/temporary-power-pole-installation-los-angeles/;0;3.00;1
electrical panel upgrade woodland hills;18;40;https://911electrics.com/electrical-panel-upgrades-woodland-hills-ca/;0;16.00;1
can a partial power outage fix itself;18;110;https://911electrics.com/partial-power-outage-in-house-los-angeles/;0;14.00;1
electrical panel upgrades sunnyland;19;40;https://911electrics.com/electrical-panel-upgrades-sunland-ca/;0;5.00;1
santa monica electrician;19;90;https://911electrics.com/electrician-santa-monica-ca/;0;19.00;0
electrician in montrose;19;70;https://911electrics.com/electrician-montrose-ca/;0;1.00;0
electrician tarzana;20;90;https://911electrics.com/electrician-tarzana-ca/;0;9.00;0
sylmar electrician;20;30;https://911electrics.com/electrician-sylmar-ca/;0;1.00;0
electricians in thousand oaks ca;20;90;https://911electrics.com/electrician-thousand-oaks-ca/;0;9.00;0
electrician encino ca;20;70;https://911electrics.com/electrician-encino-ca/;0;4.00;0
electrician altadena;21;70;https://911electrics.com/electrician-altadena-ca/;0;6.00;0
electrician encino;21;140;https://911electrics.com/electrician-encino-ca/;0;6.00;0
electrician highland park;22;90;https://911electrics.com/electrician-highland-park-ca/;0;2.00;0
van nuys electrician;22;50;https://911electrics.com/electrician-van-nuys-ca/;0;8.00;0
electrician north hills;22;70;https://911electrics.com/electrician-north-hills-ca/;0;2.00;0
electrician in thousand oaks;22;90;https://911electrics.com/electrician-thousand-oaks-ca/;0;7.00;0
electrician glendale ca;22;140;https://911electrics.com/electrician-glendale-ca/;0;9.00;0
electrician west hills;22;140;https://911electrics.com/electrician-west-hills-ca/;0;13.00;0,1
woodland hills electrician;22;50;https://911electrics.com/electrician-woodland-hills-ca/;0;14.00;0
electrician woodland hills;23;210;https://911electrics.com/electrician-woodland-hills-ca/;0;15.00;0
commercial electrician burbank;23;50;https://911electrics.com/electrician-burbank-ca/;0;2.00;0
24 hour electrician los angeles ca;24;30;https://911electrics.com/emergency-electrician-los-angeles-ca/;0;3.00;0
911 plumbing & electric inc;24;50;https://911electrics.com/;0;27.00;2
chatsworth electrician;24;30;https://911electrics.com/electrician-chatsworth-ca/;0;6.00;0
calabasas electrician;24;30;https://911electrics.com/electrician-calabasas-ca/;0;0.00;0
electrician in calabasas;24;70;https://911electrics.com/electrician-calabasas-ca/;0;0.00;0
electrician granada hills ca;24;70;https://911electrics.com/electrician-granada-hills-ca/;0;0.00;0
electrician beverly hills;24;110;https://911electrics.com/electrician-beverly-hills-ca/;0;19.00;0
partially out;25;40;https://911electrics.com/partial-power-outage-in-house-los-angeles/;0;11.00;1
electrician hollywood;25;210;https://911electrics.com/electrician-north-hollywood-ca/;0;10.00;0
electrician burbank;25;170;https://911electrics.com/electrician-burbank-ca/;0;19.00;0
24 hour electrician los angeles;26;70;https://911electrics.com/emergency-electrician-los-angeles-ca/;0;9.00;0
electrician northridge;26;140;https://911electrics.com/electrician-northridge-ca/;0;11.00;0
commercial electrician santa monica;26;50;https://911electrics.com/electrician-santa-monica-ca/;0;15.00;0
highland park electrician;26;260;https://911electrics.com/electrician-highland-park-ca/;0;2.00;0
electrician oxnard;27;90;https://911electrics.com/electrician-oxnard-ca/;0;17.00;0
electrical repairs oxnard ca;27;40;https://911electrics.com/electrician-oxnard-ca/;0;7.00;0
electrician oxnard ca;27;70;https://911electrics.com/electrician-oxnard-ca/;0;14.00;0
electrician granada hills;27;110;https://911electrics.com/electrician-granada-hills-ca/;0;0.00;0
licensed electrician pasadena;28;50;https://911electrics.com/electrician-pasadena-ca/;0;13.00;0
up electricians santa monica;28;50;https://911electrics.com/electrician-santa-monica-ca/;0;18.00;1
electrical panel upgrade los angeles ca;28;40;https://911electrics.com/electrical-panel-upgrades-los-angeles-ca/;0;6.00;0
residential electrician services altadena;28;40;https://911electrics.com/electrician-altadena-ca/;0;0.00;0
residential electrician pasadena;29;50;https://911electrics.com/electrician-pasadena-ca/;0;10.00;0
thousand oaks electrician;29;260;https://911electrics.com/electrician-thousand-oaks-ca/;0;19.00;0
electrical services calabasas;30;40;https://911electrics.com/electrician-calabasas-ca/;0;1.00;0
cost to install a sub panel;30;40;https://911electrics.com/subpanel-installation-los-angeles/;0;9.00;1
commercial electrician pasadena;30;170;https://911electrics.com/electrician-pasadena-ca/;0;15.00;0
oxnard electrician;30;50;https://911electrics.com/electrician-oxnard-ca/;0;22.00;0
same day electrician los angeles;30;40;https://911electrics.com/emergency-electrician-los-angeles-ca/;0;4.00;0
electrician glendale heights;30;50;https://911electrics.com/electrician-glendale-ca/;0;2.00;1
electrician van nuys;31;140;https://911electrics.com/electrician-van-nuys-ca/;0;7.00;0
electrician reviews san fernando valley;31;40;https://911electrics.com/electrician-san-fernando-ca/;0;8.00;0
temporary power anaheim;31;320;https://911electrics.com/temporary-power-pole-installation-los-angeles/;0;13.00;1,3
electrician van nuys ca;31;30;https://911electrics.com/electrician-van-nuys-ca/;0;5.00;0
power route electric;31;30;https://911electrics.com/electrician-pasadena-ca/;0;16.00;1,3
electrical services van nuys;32;40;https://911electrics.com/electrician-van-nuys-ca/;0;0.00;0
long beach electric repair;32;40;https://911electrics.com/electrician-long-beach-ca/;0;2.00;0
electrician in santa monica;32;50;https://911electrics.com/electrician-santa-monica-ca/;0;29.00;0
residential electricians and standby generator installation tarzana ca 91356;32;1300;https://911electrics.com/electrician-tarzana-ca/;0;0.00;0
electrician burbank ca;32;30;https://911electrics.com/electrician-burbank-ca/;0;28.00;0
commercial electrician calabasas;33;50;https://911electrics.com/electrician-calabasas-ca/;0;0.00;0
electrical service upgrades highland park;33;260;https://911electrics.com/electrician-highland-park-ca/;0;5.00;1
electrician santa monica;33;260;https://911electrics.com/electrician-santa-monica-ca/;0;24.00;0
electrical repair services oxnard ca;33;50;https://911electrics.com/electrician-oxnard-ca/;0;2.00;0
condo electrician los angeles;33;40;https://911electrics.com/services/los-angeles-ca/;0;11.00;0
electrician north hollywood;33;110;https://911electrics.com/electrician-north-hollywood-ca/;0;4.00;0
electrician in glendale ca;34;30;https://911electrics.com/electrician-glendale-ca/;0;12.00;0
electrician santa monica ca;34;70;https://911electrics.com/electrician-santa-monica-ca/;0;18.00;0
upgrading 100 amp panel to 200;34;40;https://911electrics.com/100-amp-vs-200-amp-panel-upgrade-los-angeles/;0;10.00;1
electrical panel upgrades morton grove;34;70;https://911electrics.com/electrical-panel-upgrades-los-angeles-ca/;0;11.00;0
electrical panel upgrades villa park;34;40;https://911electrics.com/electrical-panel-upgrades-los-angeles-ca/;0;0.00;0
electrical panel upgrade permit los angeles;35;30;https://911electrics.com/electrical-panel-upgrade-cost-los-angeles/;0;10.00;1
commercial electrician beverly hills;35;40;https://911electrics.com/electrician-beverly-hills-ca/;0;3.00;0
electrician thousand oaks ca;35;140;https://911electrics.com/electrician-thousand-oaks-ca/;0;10.00;0
electrician pasadena ca;35;210;https://911electrics.com/electrician-pasadena-ca/;0;10.00;0
cost to install sub panel in garage;35;30;https://911electrics.com/subpanel-installation-los-angeles/;0;19.00;1
electrical service calls woodland park;35;50;https://911electrics.com/electrician-highland-park-ca/;0;2.00;1
home rewiring san fernando valley;36;50;https://911electrics.com/electrician-san-fernando-ca/;0;0.00;0
thousand oaks electric;36;30;https://911electrics.com/electrician-thousand-oaks-ca/;0;24.00;2
electrician arcadia;37;90;https://911electrics.com/electrician-arcadia-ca/;0;3.00;0
emergency electrician los angeles;38;210;https://911electrics.com/services/los-angeles-ca/;0;0.00;0
electrician woodland hills ca;38;50;https://911electrics.com/electrician-woodland-hills-ca/;0;13.00;0
electrician west hollywood;38;110;https://911electrics.com/electrician-north-hollywood-ca/;0;7.00;0
commercial electric car charger installation;38;40;https://911electrics.com/commercial-ev-charging-station-installation-los-angeles/;0;21.00;1
beverly hills electrician;38;90;https://911electrics.com/electrician-beverly-hills-ca/;0;12.00;0
sub panel install cost;38;30;https://911electrics.com/subpanel-installation-los-angeles/;0;9.00;1
electrician thousand oaks;39;480;https://911electrics.com/electrician-thousand-oaks-ca/;0;9.00;0
pasadena electrician;39;140;https://911electrics.com/electrician-pasadena-ca/;0;5.00;0
electrician beverly hills ca;39;40;https://911electrics.com/electrician-beverly-hills-ca/;0;3.00;0
commercial electric repair pasadena;39;40;https://911electrics.com/electrician-pasadena-ca/;0;0.00;0
electricians beverly hills ca;40;30;https://911electrics.com/electrician-beverly-hills-ca/;0;12.00;0
electricians long beach;40;30;https://911electrics.com/electrician-long-beach-ca/;0;3.00;0
sub panel cost;41;70;https://911electrics.com/subpanel-installation-los-angeles/;0;15.00;1
electrician sherman oaks ca;41;40;https://911electrics.com/electrician-sherman-oaks-ca/;0;4.00;0
electrician in long beach;41;140;https://911electrics.com/electrician-long-beach-ca/;0;13.00;0
cost to install sub panel;42;70;https://911electrics.com/subpanel-installation-los-angeles/;0;11.00;1
arc fault breakers keep tripping;42;70;https://911electrics.com/arc-fault-breaker-keeps-tripping-los-angeles/;0;14.00;1
electrician in glendale;43;50;https://911electrics.com/electrician-glendale-ca/;0;7.00;0
licensed electrician san fernando valley;43;50;https://911electrics.com/electrician-san-fernando-ca/;0;12.00;0
electrical services pasadena;44;40;https://911electrics.com/electrician-pasadena-ca/;0;3.00;0
emergency electrician hesperia;44;70;https://911electrics.com/services/;0;4.00;0
subpanel installation cost;44;70;https://911electrics.com/subpanel-installation-los-angeles/;0;18.00;1
electrician glendale;44;320;https://911electrics.com/electrician-glendale-ca/;0;5.00;0
west hollywood electrician;45;70;https://911electrics.com/electrician-north-hollywood-ca/;0;6.00;0
cost to install subpanel;45;260;https://911electrics.com/subpanel-installation-los-angeles/;0;19.00;1
electricians pasadena;46;40;https://911electrics.com/electrician-pasadena-ca/;0;4.00;0
emergency electrical services corona;46;50;https://911electrics.com/services/;0;2.00;0
emergency electrician goleta;46;70;https://911electrics.com/electrician-arleta-ca/;0;2.00;0
best electrician san fernando valley;46;50;https://911electrics.com/electrician-san-fernando-ca/;0;8.00;0
electrician pasadena;46;320;https://911electrics.com/electrician-pasadena-ca/;0;26.00;0
electricians thousand oaks;47;40;https://911electrics.com/electrician-thousand-oaks-ca/;0;7.00;0
electrical panel upgrade cost in california;48;30;https://911electrics.com/electrical-panel-upgrade-cost-los-angeles/;0;3.00;1
emergency electrician morton grove;48;40;https://911electrics.com/services/;0;16.00;0
current electric glendale;48;30;https://911electrics.com/electrician-glendale-ca/;0;17.00;1
emergency electrician cost;49;50;https://911electrics.com/electrician-cost-los-angeles/;0;8.00;1
pasadena electric contractor;49;50;https://911electrics.com/electrician-pasadena-ca/;0;6.00;0
100 amp service vs 200 amp;50;90;https://911electrics.com/100-amp-vs-200-amp-panel-upgrade-los-angeles/;0;7.00;0
24 hour electrician pasadena;50;40;https://911electrics.com/contact/;0;2.00;0
power is out in half my house;52;50;https://911electrics.com/partial-power-outage-in-house-los-angeles/;0;19.00;1
van nuys electrical supply;52;40;https://911electrics.com/electrician-van-nuys-ca/;0;26.00;1
half my house has no power;53;70;https://911electrics.com/partial-power-outage-in-house-los-angeles/;0;5.00;1
panel upgrade cost hesperia;53;140;https://911electrics.com/electrical-panel-upgrade-cost-los-angeles/;0;4.00;1
100 amp service vs 200 amp service;53;170;https://911electrics.com/100-amp-vs-200-amp-panel-upgrade-los-angeles/;0;5.00;0
ev charging for my commercial property;53;110;https://911electrics.com/commercial-ev-charging-station-installation-los-angeles/;0;18.00;1
licensed electrician goleta;54;50;https://911electrics.com/electrician-arleta-ca/;0;4.00;0
electrical panel upgrades riverdale;55;50;https://911electrics.com/electrical-panel-upgrades-los-angeles-ca/;0;0.00;0
cost to replace electrical panel in california;56;50;https://911electrics.com/electrical-panel-upgrade-cost-los-angeles/;0;17.00;1
electrical installations pasadena;57;40;https://911electrics.com/electrician-pasadena-ca/;0;7.00;0
electric car charger installation los angeles;57;70;https://911electrics.com/ev-charger-installation-los-angeles-ca/;0;18.00;1
electrician in goleta;59;50;https://911electrics.com/electrician-arleta-ca/;0;11.00;0
electrician montrose;59;110;https://911electrics.com/electrician-melrose-ca/;0;1.00;0
100 amp vs 200 amp service;60;140;https://911electrics.com/100-amp-vs-200-amp-panel-upgrade-los-angeles/;0;7.00;0
long beach electricians;60;170;https://911electrics.com/electrician-long-beach-ca/;0;8.00;0
ev charger installation villa park;63;50;https://911electrics.com/ev-charger-installation-los-angeles-ca/;0;0.00;0
construction electric;66;70;https://911electrics.com/;0;43.00;1
electrician chatswood;67;70;https://911electrics.com/electrician-chatsworth-ca/;0;2.00;0
electrician hollywood ca;67;110;https://911electrics.com/electrician-north-hollywood-ca/;0;8.00;0
electrical panel upgrade cost;72;1300;https://911electrics.com/electrical-panel-upgrade-cost-los-angeles/;0;43.00;1
emergency electrician cypress hills;73;40;https://911electrics.com/electrician-north-hills-ca/;0;0.00;0
911 construction;75;50;https://911electrics.com/about/;0;29.00;0
dedicated circuit installation morongo basin;76;50;https://911electrics.com/electrician-tujunga-ca/;0;0.00;0
electrical panel upgrade los angeles;77;110;https://911electrics.com/electrical-panel-upgrades-los-angeles-ca/;0;16.00;0
hollywood electrician;90;50;https://911electrics.com/electrician-north-hollywood-ca/;0;15.00;0
commercial charging point contractor;91;40;https://911electrics.com/commercial-ev-charging-station-installation-los-angeles/;0;27.00;1
