url,keywords,traffic
https://911electrics.com/electrician-highland-park-los-angeles/,1,16
http://911electrics.com/,2,14
https://911electrics.com/temporary-power-pole-installation-los-angeles/,5,6
https://911electrics.com/emergency-electrician-los-angeles-ca/,5,3
https://911electrics.com/electrician-montrose-ca/,2,2
https://911electrics.com/emergency-electrician-pasadena-ca/,1,1
https://911electrics.com/electrician-pasadena-ca/,14,0
https://911electrics.com/electrician-thousand-oaks-ca/,9,0
https://911electrics.com/subpanel-installation-los-angeles/,8,0
https://911electrics.com/electrician-glendale-ca/,7,0
https://911electrics.com/electrical-panel-upgrades-los-angeles-ca/,7,0
https://911electrics.com/electrician-north-hollywood-ca/,7,0
https://911electrics.com/electrician-santa-monica-ca/,6,0
https://911electrics.com/electrical-panel-upgrade-cost-los-angeles/,6,0
https://911electrics.com/electrician-highland-park-ca/,6,0
https://911electrics.com/electrician-van-nuys-ca/,6,0
https://911electrics.com/electrician-altadena-ca/,6,0
https://911electrics.com/electrician-beverly-hills-ca/,5,0
https://911electrics.com/electrician-oxnard-ca/,5,0
https://911electrics.com/services/,4,0
https://911electrics.com/100-amp-vs-200-amp-panel-upgrade-los-angeles/,4,0
https://911electrics.com/electrician-north-hills-ca/,4,0
https://911electrics.com/electrician-calabasas-ca/,4,0
https://911electrics.com/electrician-long-beach-ca/,4,0
https://911electrics.com/partial-power-outage-in-house-los-angeles/,4,0
https://911electrics.com/electrician-woodland-hills-ca/,4,0
https://911electrics.com/electrician-san-fernando-ca/,4,0
https://911electrics.com/electrician-chatsworth-ca/,3,0
https://911electrics.com/commercial-ev-charging-station-installation-los-angeles/,3,0
https://911electrics.com/electrician-burbank-ca/,3,0
https://911electrics.com/electrician-arleta-ca/,3,0
https://911electrics.com/contact/,3,0
https://911electrics.com/electrician-tarzana-ca/,2,0
https://911electrics.com/electrician-west-hills-ca/,2,0
https://911electrics.com/electrician-encino-ca/,2,0
https://911electrics.com/services/los-angeles-ca/,2,0
https://911electrics.com/ev-charger-installation-los-angeles-ca/,2,0
https://911electrics.com/electrician-granada-hills-ca/,2,0
https://911electrics.com/,2,0
https://911electrics.com/electrician-reseda-ca/,1,0
https://911electrics.com/electrician-arcadia-ca/,1,0
https://911electrics.com/ev-charger-installation-woodland-hills-ca/,1,0
https://911electrics.com/about/,1,0
https://911electrics.com/electrician-melrose-ca/,1,0
https://911electrics.com/electrician-cost-los-angeles/,1,0
https://911electrics.com/arc-fault-breaker-keeps-tripping-los-angeles/,1,0
https://911electrics.com/electrician-tujunga-ca/,1,0
https://911electrics.com/electrician-sherman-oaks-ca/,1,0
https://911electrics.com/electrical-panel-upgrades-sunland-ca/,1,0
https://911electrics.com/electrical-panel-upgrades-woodland-hills-ca/,1,0
https://911electrics.com/electrician-northridge-ca/,1,0
https://911electrics.com/electrician-sylmar-ca/,1,0
https://911electrics.com/electric-meter-box-replacement-los-angeles/,1,0
